days,repository_language,lang_count
2012-03-11,Ruby,11769
2012-03-12,Ruby,21891
2012-03-13,Ruby,21729
2012-03-14,Ruby,18984
2012-03-15,Ruby,19887
2012-03-16,Ruby,18990
2012-03-17,Ruby,13428
2012-03-18,Ruby,15105
2012-03-19,Ruby,18984
2012-03-20,Ruby,19875
2012-03-21,Ruby,27342
2012-03-22,Ruby,21855
2012-03-23,Ruby,18879
2012-03-24,Ruby,14031
2012-03-25,Ruby,14412
2012-03-26,Ruby,19884
2012-03-27,Ruby,21444
2012-03-28,Ruby,20010
2012-03-29,Ruby,21765
2012-03-30,Ruby,19227
2012-03-31,Ruby,13197
2012-04-01,Ruby,13968
2012-04-02,Ruby,18690
2012-04-03,Ruby,19920
2012-04-04,Ruby,20451
2012-04-05,Ruby,19314
2012-04-06,Ruby,17736
2012-04-07,Ruby,13269
2012-04-08,Ruby,13251
2012-04-09,Ruby,19476
2012-04-10,Ruby,20949
2012-04-11,Ruby,21552
2012-04-12,Ruby,20784
2012-04-13,Ruby,19200
2012-04-14,Ruby,14403
2012-04-15,Ruby,15963
2012-04-16,Ruby,20571
2012-04-17,Ruby,21603
2012-04-18,Ruby,21630
2012-04-19,Ruby,21174
2012-04-20,Ruby,19752
2012-04-21,Ruby,13977
2012-04-22,Ruby,16731
2012-04-23,Ruby,22548
2012-04-24,Ruby,22776
2012-04-25,Ruby,21561
2012-04-26,Ruby,21435
2012-04-27,Ruby,20352
2012-04-28,Ruby,15912
2012-04-29,Ruby,15009
2012-04-30,Ruby,19446
2012-05-01,Ruby,21579
2012-05-02,Ruby,22149
2012-05-03,Ruby,21519
2012-05-04,Ruby,20064
2012-05-05,Ruby,15015
2012-05-06,Ruby,15618
2012-05-07,Ruby,20769
2012-05-08,Ruby,20718
2012-05-09,Ruby,20502
2012-05-10,Ruby,20583
2012-05-11,Ruby,18531
2012-05-12,Ruby,12975
2012-05-13,Ruby,13068
2012-05-14,Ruby,19866
2012-05-15,Ruby,20553
2012-05-16,Ruby,20616
2012-05-17,Ruby,19812
2012-05-18,Ruby,18585
2012-05-19,Ruby,12057
2012-05-20,Ruby,13854
2012-05-21,Ruby,20952
2012-05-22,Ruby,22626
2012-05-23,Ruby,21360
2012-05-24,Ruby,21843
2012-05-25,Ruby,19791
2012-05-26,Ruby,12444
2012-05-27,Ruby,12489
2012-05-28,Ruby,18573
2012-05-29,Ruby,21591
2012-05-30,Ruby,22374
2012-05-31,Ruby,19326
2012-06-01,Ruby,19842
2012-06-02,Ruby,14973
2012-06-03,Ruby,15081
2012-06-04,Ruby,20475
2012-06-05,Ruby,22233
2012-06-06,Ruby,20631
2012-06-07,Ruby,20544
2012-06-08,Ruby,19266
2012-06-09,Ruby,13467
2012-06-10,Ruby,15132
2012-06-11,Ruby,21840
2012-06-12,Ruby,22662
2012-06-13,Ruby,21927
2012-06-14,Ruby,15650
2012-06-15,Ruby,12188
2012-06-16,Ruby,8760
2012-06-17,Ruby,8218
2012-06-18,Ruby,13784
2012-06-19,Ruby,14182
2012-06-20,Ruby,14222
2012-06-21,Ruby,14008
2012-06-22,Ruby,13204
2012-06-23,Ruby,8784
2012-06-24,Ruby,9230
2012-06-25,Ruby,14142
2012-06-26,Ruby,13904
2012-06-27,Ruby,13418
2012-06-28,Ruby,13548
2012-06-29,Ruby,12150
2012-06-30,Ruby,7344
2012-07-01,Ruby,8656
2012-07-02,Ruby,13998
2012-07-03,Ruby,14396
2012-07-04,Ruby,11990
2012-07-05,Ruby,12810
2012-07-06,Ruby,13336
2012-07-07,Ruby,8264
2012-07-08,Ruby,9102
2012-07-09,Ruby,14110
2012-07-10,Ruby,15614
2012-07-11,Ruby,14994
2012-07-12,Ruby,15154
2012-07-13,Ruby,13868
2012-07-14,Ruby,8124
2012-07-15,Ruby,8858
2012-07-16,Ruby,13500
2012-07-17,Ruby,14834
2012-07-18,Ruby,14316
2012-07-19,Ruby,13882
2012-07-20,Ruby,12220
2012-07-21,Ruby,8934
2012-07-22,Ruby,8730
2012-07-23,Ruby,14280
2012-07-24,Ruby,15354
2012-07-25,Ruby,14816
2012-07-26,Ruby,14426
2012-07-27,Ruby,13678
2012-07-28,Ruby,8838
2012-07-29,Ruby,10054
2012-07-30,Ruby,13972
2012-07-31,Ruby,14784
2012-08-01,Ruby,14372
2012-08-02,Ruby,14526
2012-08-03,Ruby,13078
2012-08-04,Ruby,8278
2012-08-05,Ruby,8682
2012-08-06,Ruby,13580
2012-08-07,Ruby,13610
2012-08-08,Ruby,14774
2012-08-09,Ruby,15022
2012-08-10,Ruby,13852
2012-08-11,Ruby,10158
2012-08-12,Ruby,11436
2012-08-13,Ruby,14220
2012-08-14,Ruby,15428
2012-08-15,Ruby,13936
2012-08-16,Ruby,13744
2012-08-17,Ruby,12556
2012-08-18,Ruby,8600
2012-08-19,Ruby,15802
2012-08-20,Ruby,26492
2012-08-21,Ruby,29924
2012-08-22,Ruby,31400
2012-08-23,Ruby,28740
2012-08-24,Ruby,25736
2012-08-25,Ruby,16704
2012-08-26,Ruby,17892
2012-08-27,Ruby,26812
2012-08-28,Ruby,28612
2012-08-29,Ruby,28600
2012-08-30,Ruby,27884
2012-08-31,Ruby,21972
2012-09-01,Ruby,8166
2012-09-02,Ruby,8844
2012-09-03,Ruby,11900
2012-09-04,Ruby,14770
2012-09-05,Ruby,15148
2012-09-06,Ruby,14912
2012-09-07,Ruby,14068
2012-09-08,Ruby,9596
2012-09-09,Ruby,10556
2012-09-10,Ruby,15156
2012-09-11,Ruby,15910
2012-09-12,Ruby,14916
2012-09-13,Ruby,10372
2012-09-14,Ruby,7187
2012-09-15,Ruby,4720
2012-09-16,Ruby,5255
2012-09-17,Ruby,7804
2012-09-18,Ruby,7755
2012-09-19,Ruby,8048
2012-09-20,Ruby,7956
2012-09-21,Ruby,7456
2012-09-22,Ruby,4728
2012-09-23,Ruby,5519
2012-09-24,Ruby,8289
2012-09-25,Ruby,7591
2012-09-26,Ruby,8191
2012-09-27,Ruby,8058
2012-09-28,Ruby,6964
2012-09-29,Ruby,4534
2012-09-30,Ruby,5294
2012-10-01,Ruby,7571
2012-10-02,Ruby,7764
2012-10-03,Ruby,8119
2012-10-04,Ruby,7802
2012-10-05,Ruby,7159
2012-10-06,Ruby,4796
2012-10-07,Ruby,4827
2012-10-08,Ruby,7601
2012-10-09,Ruby,8205
2012-10-10,Ruby,7914
2012-10-11,Ruby,8251
2012-10-12,Ruby,7571
2012-10-13,Ruby,5318
2012-10-14,Ruby,5984
2012-10-15,Ruby,8367
2012-10-16,Ruby,8548
2012-10-17,Ruby,8233
2012-10-18,Ruby,7984
2012-10-19,Ruby,7603
2012-10-20,Ruby,5670
2012-10-21,Ruby,6087
2012-10-22,Ruby,8551
2012-10-23,Ruby,8826
2012-10-24,Ruby,8700
2012-10-25,Ruby,7926
2012-10-26,Ruby,7626
2012-10-27,Ruby,5306
2012-10-28,Ruby,5793
2012-10-29,Ruby,7967
2012-10-30,Ruby,8634
2012-10-31,Ruby,8606
2012-11-01,Ruby,7850
2012-11-02,Ruby,7768
2012-11-03,Ruby,5731
2012-11-04,Ruby,6383
2012-11-05,Ruby,8541
2012-11-06,Ruby,8698
2012-11-07,Ruby,8375
2012-11-08,Ruby,8545
2012-11-09,Ruby,8177
2012-11-10,Ruby,5654
2012-11-11,Ruby,6006
2012-11-12,Ruby,8802
2012-11-13,Ruby,9419
2012-11-14,Ruby,8959
2012-11-15,Ruby,8755
2012-11-16,Ruby,8557
2012-11-17,Ruby,6462
2012-11-18,Ruby,6296
2012-11-19,Ruby,8536
2012-11-20,Ruby,8947
2012-11-21,Ruby,8809
2012-11-22,Ruby,7178
2012-11-23,Ruby,6413
2012-11-24,Ruby,5348
2012-11-25,Ruby,5727
2012-11-26,Ruby,8653
2012-11-27,Ruby,8866
2012-11-28,Ruby,9303
2012-11-29,Ruby,8347
2012-11-30,Ruby,7966
2012-12-01,Ruby,6426
2012-12-02,Ruby,6883
2012-12-03,Ruby,9313
2012-12-04,Ruby,9112
2012-12-05,Ruby,10079
2012-12-06,Ruby,9525
2012-12-07,Ruby,8358
2012-12-08,Ruby,5618
2012-12-09,Ruby,5940
2012-12-10,Ruby,8757
2012-12-11,Ruby,9195
2012-12-12,Ruby,9287
2012-12-13,Ruby,9236
2012-12-14,Ruby,8270
2012-12-15,Ruby,5296
2012-12-16,Ruby,5510
2012-12-17,Ruby,8915
2012-12-18,Ruby,9411
2012-12-19,Ruby,8696
2012-12-20,Ruby,8350
2012-12-21,Ruby,7187
2012-12-22,Ruby,4706
2012-12-23,Ruby,4299
2012-12-24,Ruby,5125
2012-12-25,Ruby,4028
2012-12-26,Ruby,5291
2012-12-27,Ruby,7101
2012-12-28,Ruby,6832
2012-12-29,Ruby,5156
2012-12-30,Ruby,5004
2012-12-31,Ruby,5321
2013-01-01,Ruby,4045
2013-01-02,Ruby,7243
2013-01-03,Ruby,8195
2013-01-04,Ruby,8292
2013-01-05,Ruby,5809
2013-01-06,Ruby,6157
2013-01-07,Ruby,8365
2013-01-08,Ruby,9820
2013-01-09,Ruby,9558
2013-01-10,Ruby,10116
2013-01-11,Ruby,10538
2013-01-12,Ruby,6058
2013-01-13,Ruby,6262
2013-01-14,Ruby,8882
2013-01-15,Ruby,8884
2013-01-16,Ruby,8002
2013-01-17,Ruby,8274
2013-01-18,Ruby,7387
2013-01-19,Ruby,5050
2013-01-20,Ruby,5729
2013-01-21,Ruby,7621
2013-01-22,Ruby,8306
2013-01-23,Ruby,8359
2013-01-24,Ruby,8100
2013-01-25,Ruby,7765
2013-01-26,Ruby,5583
2013-01-27,Ruby,5684
2013-01-28,Ruby,8181
2013-01-29,Ruby,8533
2013-01-30,Ruby,7839
2013-01-31,Ruby,6635
2013-02-01,Ruby,6644
2013-02-02,Ruby,4971
2013-02-03,Ruby,5761
2013-02-04,Ruby,7710
2013-02-05,Ruby,8414
2013-02-06,Ruby,8137
2013-02-07,Ruby,8290
2013-02-08,Ruby,7455
2013-02-09,Ruby,5042
2013-02-10,Ruby,5666
2013-02-11,Ruby,7945
2013-02-12,Ruby,8666
2013-02-13,Ruby,8057
2013-02-14,Ruby,8140
2013-02-15,Ruby,7022
2013-02-16,Ruby,5487
2013-02-17,Ruby,5780
2013-02-18,Ruby,7904
2013-02-19,Ruby,8611
2013-02-20,Ruby,8793
2013-02-21,Ruby,10226
2013-02-22,Ruby,9816
2013-02-23,Ruby,7458
2013-02-24,Ruby,8041
2013-02-25,Ruby,9059
2013-02-26,Ruby,11364
2013-02-27,Ruby,11400
2013-02-28,Ruby,10830
2013-03-01,Ruby,10258
2013-03-02,Ruby,7288
2013-03-03,Ruby,7882
2013-03-04,Ruby,10952
2013-03-05,Ruby,10655
2013-03-06,Ruby,10639
2013-03-07,Ruby,11018
2013-03-08,Ruby,10093
2013-03-09,Ruby,7459
2013-03-10,Ruby,8182
2013-03-11,Ruby,10538
2013-03-12,Ruby,10488
2013-03-13,Ruby,11137
2013-03-14,Ruby,10156
2013-03-15,Ruby,10718
2013-03-16,Ruby,7376
2013-03-17,Ruby,8254
2013-03-18,Ruby,10261
2013-03-19,Ruby,12739
2013-03-20,Ruby,12207
2013-03-21,Ruby,11307
2013-03-22,Ruby,10565
2013-03-23,Ruby,7270
2013-03-24,Ruby,8496
2013-03-25,Ruby,11204
2013-03-26,Ruby,10727
2013-03-27,Ruby,10926
2013-03-28,Ruby,10764
2013-03-29,Ruby,9963
2013-03-30,Ruby,7490
2013-03-31,Ruby,7192
2013-04-01,Ruby,9984
2013-04-02,Ruby,11361
2013-04-03,Ruby,11007
2013-04-04,Ruby,11385
2013-04-05,Ruby,10848
2013-04-06,Ruby,8028
2013-04-07,Ruby,8970
2013-04-08,Ruby,11801
2013-04-09,Ruby,12097
2013-04-10,Ruby,12059
2013-04-11,Ruby,12069
2013-04-12,Ruby,10951
2013-04-13,Ruby,7194
2013-04-14,Ruby,8122
2013-04-15,Ruby,10944
2013-04-16,Ruby,10413
2013-04-17,Ruby,10114
2013-04-18,Ruby,11138
2013-04-19,Ruby,10676
2013-04-20,Ruby,7952
2013-04-21,Ruby,8323
2013-04-22,Ruby,11665
2013-04-23,Ruby,11637
2013-04-24,Ruby,11120
2013-04-25,Ruby,11231
2013-04-26,Ruby,9558
2013-04-27,Ruby,7459
2013-04-28,Ruby,8433
2013-04-29,Ruby,10874
2013-04-30,Ruby,11419
2013-05-01,Ruby,10362
2013-05-02,Ruby,11506
2013-05-03,Ruby,10775
2013-05-04,Ruby,6689
2013-05-05,Ruby,7644
2013-05-06,Ruby,11025
2013-05-07,Ruby,11548
2013-05-08,Ruby,11022
2013-05-09,Ruby,11072
2013-05-10,Ruby,11300
2013-05-11,Ruby,7502
2013-05-12,Ruby,7641
2013-05-13,Ruby,11571
2013-05-14,Ruby,11621
2013-05-15,Ruby,11705
2013-05-16,Ruby,10461
2013-05-17,Ruby,9988
2013-05-18,Ruby,7258
2013-05-19,Ruby,8228
2013-05-20,Ruby,11081
2013-05-21,Ruby,11197
2013-05-22,Ruby,11785
2013-05-23,Ruby,11432
2013-05-24,Ruby,10692
2013-05-25,Ruby,6829
2013-05-26,Ruby,7103
2013-05-27,Ruby,9347
2013-05-28,Ruby,10740
2013-05-29,Ruby,11514
2013-05-30,Ruby,10844
2013-05-31,Ruby,10636
2013-06-01,Ruby,7238
2013-06-02,Ruby,8328
2013-06-03,Ruby,10972
2013-06-04,Ruby,11575
2013-06-05,Ruby,11579
2013-06-06,Ruby,11781
2013-06-07,Ruby,11108
2013-06-08,Ruby,7422
2013-06-09,Ruby,7846
2013-06-10,Ruby,10946
2013-06-11,Ruby,11543
2013-06-12,Ruby,10918
2013-06-13,Ruby,11054
2013-06-14,Ruby,10593
2013-06-15,Ruby,7078
2013-06-16,Ruby,7169
2013-06-17,Ruby,11127
2013-06-18,Ruby,12268
2013-06-19,Ruby,11308
2013-06-20,Ruby,11464
2013-06-21,Ruby,10307
2013-06-22,Ruby,6799
2013-06-23,Ruby,7113
2013-06-24,Ruby,10816
2013-06-25,Ruby,12439
2013-06-26,Ruby,12801
2013-06-27,Ruby,12263
2013-06-28,Ruby,11269
2013-06-29,Ruby,6991
2013-06-30,Ruby,7440
2013-07-01,Ruby,11666
2013-07-02,Ruby,12034
2013-07-03,Ruby,12462
2013-07-04,Ruby,10477
2013-07-05,Ruby,10484
2013-07-06,Ruby,7266
2013-07-07,Ruby,7400
2013-07-08,Ruby,12035
2013-07-09,Ruby,12837
2013-07-10,Ruby,13077
2013-07-11,Ruby,12476
2013-07-12,Ruby,11036
2013-07-13,Ruby,6689
2013-07-14,Ruby,7545
2013-07-15,Ruby,11700
2013-07-16,Ruby,12932
2013-07-17,Ruby,12514
2013-07-18,Ruby,12905
2013-07-19,Ruby,11521
2013-07-20,Ruby,7065
2013-07-21,Ruby,7641
2013-07-22,Ruby,10561
2013-07-23,Ruby,12679
2013-07-24,Ruby,12251
2013-07-25,Ruby,12537
2013-07-26,Ruby,12035
2013-07-27,Ruby,7767
2013-07-28,Ruby,8022
2013-07-29,Ruby,11916
2013-07-30,Ruby,13081
2013-07-31,Ruby,12810
2013-08-01,Ruby,11497
2013-08-02,Ruby,10249
2013-08-03,Ruby,6616
2013-08-04,Ruby,6839
2013-08-05,Ruby,10673
2013-08-06,Ruby,11990
2013-08-07,Ruby,10921
2013-08-08,Ruby,11850
2013-08-09,Ruby,10559
2013-08-10,Ruby,6938
2013-08-11,Ruby,7375
2013-08-12,Ruby,10792
2013-08-13,Ruby,11448
2013-08-14,Ruby,10720
2013-08-15,Ruby,8839
2013-08-16,Ruby,9722
2013-08-17,Ruby,6224
2013-08-18,Ruby,7149
2013-08-19,Ruby,10810
2013-08-20,Ruby,11490
2013-08-21,Ruby,11872
2013-08-22,Ruby,11203
2013-08-23,Ruby,10527
2013-08-24,Ruby,6625
2013-08-25,Ruby,6959
2013-08-26,Ruby,10045
2013-08-27,Ruby,11668
2013-08-28,Ruby,11600
2013-08-29,Ruby,11875
2013-08-30,Ruby,10332
2013-08-31,Ruby,6225
2013-09-01,Ruby,7172
2013-09-02,Ruby,9437
2013-09-03,Ruby,11104
2013-09-04,Ruby,4534
2013-09-06,Ruby,8767
2013-09-07,Ruby,7215
2013-09-08,Ruby,8035
2013-09-09,Ruby,11010
2013-09-10,Ruby,11013
2013-09-11,Ruby,11861
2013-09-12,Ruby,10961
2013-09-13,Ruby,10650
2013-09-14,Ruby,6893
2013-09-15,Ruby,7756
2013-09-16,Ruby,10817
2013-09-17,Ruby,11289
2013-09-18,Ruby,11215
2013-09-19,Ruby,9296
2013-09-20,Ruby,9186
2013-09-21,Ruby,7038
2013-09-22,Ruby,7690
2013-09-23,Ruby,10195
2013-09-24,Ruby,11019
2013-09-25,Ruby,10956
2013-09-26,Ruby,11223
2013-09-27,Ruby,10110
2013-09-28,Ruby,6380
2013-09-29,Ruby,7725
2013-09-30,Ruby,11260
2013-10-01,Ruby,11760
2013-10-02,Ruby,14787
2013-10-03,Ruby,15955
2013-10-04,Ruby,10892
2013-10-05,Ruby,6866
2013-10-06,Ruby,7314
2013-10-07,Ruby,11980
2013-10-08,Ruby,12646
2013-10-09,Ruby,12651
2013-10-10,Ruby,12838
2013-10-11,Ruby,11628
2013-10-12,Ruby,7174
2013-10-13,Ruby,7365
